86-219-8972,Sherill Norman,30,6942933
18-031-8980,Alessandro Newborn,33,26718116
15-344-9629,Kimble McOrkill,64,87435148
38-107-4860,Cheryl Harrod,36,10703600
99-330-4728,Tammy Duprey,29,25467631
74-571-0346,Karlan Worcs,31,50859853
19-228-2149,Averill Jouhning,61,94495490
81-202-6549,Henri Calcott,48,49695159
96-372-1030,Pierette Serchwell,30,41649696
88-933-0119,Alfons Le Count,51,87821380
78-716-1337,Mark Fancy,27,20295036
97-329-1868,Bari Chazelle,34,35685228
43-831-0440,Corliss Kubicek,60,93533971
84-225-4188,Webster Edworthie,29,81916224
58-456-1547,Jewelle Theseira,37,68458339
15-155-7555,Brenn Marsay,35,80606648
54-132-5213,Lamont Hammarberg,37,20649575
47-029-4014,Lance Wartonby,27,90207800
56-909-5824,Ronnie Over,62,36099395
57-794-8620,Cristabel Blasl,20,23200262
02-025-5925,Lennie Zoanetti,44,88476611
63-373-2148,Gilles Scouler,23,63224222
02-178-3857,Emmey Yearnsley,65,41400335
96-482-8060,Nichole Alker,42,83537250
52-586-8663,Grace Foort,26,89657140
34-750-2503,Fernande Reeves,50,92788750
08-551-5749,Ranna Cherrett,49,58593679
46-608-9393,Chet Upfold,25,16708380
28-701-1282,Nara Sanham,51,57575470
88-461-8682,Rena Ojeda,61,55778392
85-051-9646,Chrotoem Granham,51,98111588
45-770-8442,Ravid De Cruz,38,28430534
59-655-8581,Cecilia Arsey,41,47390944
66-448-4931,Hillary LAbbet,15,43110357
65-874-7980,Dominick Bedome,44,51442378
36-270-9902,Kass Beningfield,56,21241662
78-534-9677,Berthe Muncie,31,41974709
86-923-2822,Gardener Minigo,54,49424438
30-230-8502,Goldia Bern,58,65559811
54-568-0311,Leona Lampet,23,47878881
40-598-6709,Heather Bulter,28,38403760
92-453-7206,Pren Camoys,56,56034484
33-071-3874,Angelique Longmire,49,38378653
73-601-7470,Jerrylee Sparhawk,37,18483224
44-320-8591,Katha Delbergue,38,67512632
32-400-1200,Ava Bernli,61,57496003
90-016-1734,Konrad Culp,14,83888586
69-132-0940,Zelig MacNeil,61,53410234
30-325-8337,Mac Duncklee,65,17056562
64-120-4970,Arney Dupree,62,74594061
56-137-9656,Fran Mumbray,26,79506042
97-908-3618,Andrei Rough,54,14924541
32-908-9504,Claybourne Bratton,62,50794967
60-222-3872,Tirrell Bryce,31,93515193
37-507-7752,Danyette Fendt,33,46577226
46-251-9109,Frances Nassy,49,19097097
20-311-5875,Torr Wethered,18,62581519
63-466-8300,Wilden Gunda,19,8205022
91-082-1420,Desirae Roblou,15,39629526
11-140-7747,Marjy Macewan,49,30595298
86-337-7376,Missy Gilbody,43,84464871
91-107-8176,Leanora Barcke,46,89438298
11-851-1868,Viviyan Duckers,40,72742823
03-108-6976,Traci Peto,19,73512299
87-474-7040,Branden Zima,36,69334467
19-374-8019,Bram Menichi,46,76522258
86-889-6244,Sib Eul,63,1729354
40-850-3722,Rickey Menear,20,59548551
79-127-8462,Leia Maccrie,32,54310467
24-019-3760,Ervin Mum,46,13562068
34-533-8523,Florida Loughney,16,23989667
15-910-4132,Celesta McCandie,39,29331090
66-173-3380,Aharon Griffiths,28,24605477
15-695-1232,Tedra Bourdel,56,76014230
58-660-4775,Joly Drinkel,14,56490279
00-217-3770,Terrence Wilbor,44,51696006
41-738-9304,Merci Briddle,56,35124813
00-491-6274,Kelly Cassey,36,35120905
16-799-6875,Fidela Florez,45,50114028
40-086-9572,Onfre Nottram,53,36870494
62-597-5101,Sibeal Guilloton,37,88123056
59-855-1402,Garvey Standering,21,46098468
36-697-0686,Kariotta Boggers,64,8199948
53-818-0312,Palm Whitebread,65,980117
48-936-2405,Daffi Clatworthy,39,9141043
28-475-8892,Issie Ratcliff,16,86700841
07-694-4199,Loella Struss,14,76924112
25-037-3030,Jeri Cantero,31,60834714
31-445-5330,Terrijo Jerrans,43,11691791
76-890-3936,Jerrilee Dallemore,64,90571096
14-834-9420,Tabatha Matityahu,49,44607812
45-789-6479,Geoffry Yeomans,28,52781693
11-169-3345,Allistir Bierling,14,32238218
15-558-8747,Graham Coppledike,23,45241643
85-927-7211,Minna Dehm,34,57801532
97-339-2901,Graeme Sadlier,33,82117299
76-391-5153,Chelsea Rizzardini,44,19788497
58-768-5850,Rickey Van Haeften,26,85194383
23-101-1177,Mercedes Jacques,32,22776712
07-828-5927,Modesty Camings,23,67142295
68-484-5250,Gabriella Carpenter,40,13901158
85-971-7966,Hubey Keppe,29,73351368
89-019-7243,Moshe Jolliff,34,76809935
51-191-8505,Amalea Brounsell,26,63203213
80-436-4830,Bendick Chasmoor,59,98476244
12-063-8061,Abbie Storks,44,44742676
66-068-3864,Niels Deniset,29,66027157
63-065-1757,Scarface Housecroft,45,99344375
40-391-7907,Leese Wansbury,17,98359917
19-788-0326,Iver Bellison,60,81125441
07-202-5196,Derk Fairweather,58,71867867
78-189-8076,Winonah Baudasso,50,54329817
04-079-3193,Elton Danet,62,66087480
56-978-3979,Waiter Byas,57,90688658
62-989-1928,Toiboid Goodwill,30,34221604
29-525-8549,Eloise Eagers,43,57657494
44-879-2278,Ariadne Pettipher,30,63664923
66-211-9229,Morgen Colville,44,78997870
76-917-5237,Marcile Synan,34,65480053
67-840-6101,Rorie Kestell,31,79528965
52-706-6498,Lavinie Tomblings,63,87012950
85-496-4401,Dotty Bompass,46,13218558
20-068-8285,Hughie Szymczyk,19,31500420
38-986-3791,Rayshell Hedman,15,9300189
61-014-2746,Kenyon Langfield,21,30093399
88-871-4775,Chucho Dufaur,48,37207270
86-294-4217,Scottie Gerrish,30,12139261
99-913-5800,Giraud Grishakin,49,31095177
18-947-7952,Nadya Josefsen,39,96806318
24-087-3057,Raychel Jandac,33,28156555
52-116-6972,Worden Teggin,36,20697186
40-498-4815,Roxanna Bernadzki,46,51741891
33-635-4367,Gabie Caudrelier,33,79395159
82-931-5655,Roi Harses,44,1655661
55-656-7414,Tab Glennon,20,75516531
12-275-7793,Wald Lesser,49,81222502
64-207-7637,Fransisco Eskrick,53,69544378
49-985-7187,Nikoletta Agglio,65,62449505
23-632-6200,Beaufort Flahy,53,98790507
96-223-3112,Nicoline Potzold,46,30583454
98-656-2582,Nady MacKellen,43,2741003
09-469-6278,Bidget Leas,33,93752742
71-861-4477,Yalonda Rouby,18,67786225
20-295-5935,Mellie Fulun,16,36644545
62-311-0713,Lani Seeds,18,84476336
44-676-7651,Galina Camacke,40,19713453
60-931-8131,Joye Bullent,61,24033519
10-327-3243,Desmond Cleaver,36,82811249
17-728-6030,Anneliese Machen,32,96786316
27-444-6436,Delmer Samples,59,36056248
35-187-1943,Madonna Picknett,50,70545442
25-745-3859,Oriana Simonou,28,98980797
56-772-5519,Kasey McAvaddy,29,63792194
40-227-9188,Kelwin Akess,40,68696161
47-071-9349,Willa Strugnell,24,24226907
42-285-6062,Dulcia Chismon,57,37770694
66-498-8231,Shell Feehery,38,27122503
23-222-1698,Natalie Siviour,20,81482531
82-172-1957,Shandy Shera,51,78011250
68-469-3865,Blaire Orteau,35,47380629
04-854-8367,Allissa Willder,23,68981788
74-014-7708,Mariya Drayton,40,72954902
86-944-7131,Coleen Marton,24,41623709
52-459-8841,Katuscha Ferry,54,40249175
32-172-2520,Clair Thorndale,31,57240764
36-875-9479,Franklin Hearnden,20,47650666
80-548-0685,Francine Sapsforde,33,81111576
75-665-1437,Murdock Sieghart,19,55921138
59-170-0901,Keefe Cuesta,27,33611189
26-409-8796,Granthem Vipan,53,33574381
96-885-8190,Patin Baudts,61,42846292
13-187-3992,Katalin D'orsay,30,62926257
34-046-2806,Georgia Ferryman,55,7862973
92-258-9178,Kylila Corradino,37,17094027
52-527-1453,Blisse Roger,50,82687288
10-435-0541,Becky Evitts,27,66093003
65-194-4321,Nita Farish,62,72945841
73-687-1710,Fulton Darrigoe,26,44903366
42-767-8100,Amalle Lamperti,28,19052887
18-026-3628,Joya Hudghton,49,98635222
70-052-5830,Peta Splevings,15,30592136
03-571-9327,Carlin Peppard,46,22829969
00-580-7509,Modestine Reast,57,9413327
62-785-4833,Randa Corriea,34,34504061
73-968-1016,Genni Olenchikov,16,4267844
01-143-1739,Ricardo Ginnety,42,49159649
44-965-6460,Karly Hickford,21,20294961
99-981-6137,Ravi Feldon,21,39222700
78-266-9413,Graehme Trickey,61,92132138
29-382-9443,Katharina Pidduck,52,57585721
27-911-6246,Nehemiah Mattiello,61,93930322
47-696-2798,Caresse Bottomley,22,9422068
77-656-2144,Ariella Dukes,15,66309359
91-672-0210,Kirstin Jodkowski,32,96106016
59-251-9994,Zaccaria Posner,43,47986331
70-145-5237,Farleigh Bernier,24,16980315
28-738-2753,Dominique Selvey,23,13611735
48-497-9371,Rogerio Rubbert,54,46574825
18-140-8593,Barrett Felipe,30,22941140
09-056-4242,Pacorro Cross,57,68345307
67-500-3148,Ashley Domone,61,61423465
65-626-2421,Deloris Verecker,37,40513274
44-120-7229,Bessie Vondrach,24,69399136
77-032-4523,Seana Danilchenko,63,43053633
57-374-7100,Othilia Salerg,60,56397414
04-635-2915,Ruthi Polkinghorne,16,12675234
66-793-9601,Papageno Riche,17,33215239
77-765-0589,Emmanuel Dettmar,55,28156875
30-937-9502,Enid Eilhersen,38,9781605
73-849-8911,Erin Greguol,35,16573430
76-520-7054,Emmy Fullerlove,30,40457584
73-324-6266,Jake Helix,40,20638907
39-567-5232,Angelico Slowgrave,43,32392964
90-730-3825,Tad Ennew,46,35125196
17-858-1524,Korry Seelbach,18,73190675
00-429-9599,Angie Mahony,31,43148675
61-136-6436,Calvin Starkings,26,20713052
36-544-1317,Stanley Brislawn,23,31631764
56-452-7366,Francine Tidridge,32,53784269
70-672-8323,Hollis Trafford,52,8299946
55-456-6059,Lamar Blofeld,27,74852835
13-063-8593,Rutter Wickham,51,33678575
00-573-6183,Zaccaria Stair,52,79578724
86-478-6495,Penelope Colthard,31,95506693
19-139-0886,Adrianna Ligoe,49,83718587
70-476-7764,Fran Tavener,20,76720701
85-345-7581,Sutherland Troughton,55,13628064
92-553-3988,Carol Jovicevic,63,68686766
28-775-1357,Sonnie McCafferty,45,61712019
91-665-3467,Orlan Soans,47,33629384
72-789-7011,Madalyn Heckner,45,4649322
94-851-2790,Sidney Kearton,47,87982507
67-230-7671,Michell Crookes,15,89769562
84-522-9017,Berenice Easom,60,78434916
43-687-6947,Marne Alcock,34,36169647
36-363-9635,Regine Hanigan,16,59341281
53-001-6871,Lexis Baglan,24,39344877
89-217-8650,Carina Regis,41,92644710
54-046-5643,Yance Handes,20,97126466
75-056-2303,Agnola Nunn,62,5966779
94-590-4722,Ulrich Kendrew,20,90396162
93-016-7942,Berte Robker,29,39274346
54-192-7553,Iolande Alcide,17,94010950
80-634-4395,Jerry Skeel,45,86363111
89-429-1366,Tabbitha O'Griffin,41,30630881
99-144-1073,Gaylord Kilshall,46,54583923
30-153-9852,Noelani Chataignier,65,88553245
28-339-3985,Terrance Schiell,19,13988514
98-386-0008,Esma Edlyn,36,1646025
70-235-7155,Nerta Besque,47,39131216
90-368-3124,Bambie Yurygyn,55,63038630
51-849-4733,Trey Donson,27,95498792
36-663-1807,Steffen Biskup,16,98306500
69-577-3403,Noam McRobbie,20,86419537
32-550-2755,Reine Scamwell,48,49221468
79-572-5747,Celestine Beare,39,49311400
96-643-6219,Sinclair Smallcomb,30,70617240
48-669-7161,Mort Stacey,21,21269489
09-998-3281,Vale Badman,45,48766449
95-804-8727,Etta Groarty,30,62221336
36-677-5098,Oneida Ondracek,37,82421168
37-231-7361,Chrissie MacNab,54,11943750
53-415-9565,Glori Peacop,29,40894330
85-700-2114,Kipp Bellringer,59,88277095
00-714-7775,Carleen Curthoys,23,76984162
26-006-9251,Care Floris,44,23175762
99-437-8650,Hallsy Pinwill,23,98729220
18-815-5605,Abigale Black,30,75297361
58-137-2710,Carlin Hanlin,62,78470178
72-778-7190,Bride Stowe,56,75111531
12-201-8898,Erin Chestnut,37,37788646
54-314-6434,Miltie Mowbray,34,37068448
27-785-7177,Kalli Alvey,23,3189967
35-043-4652,Karlene Andresser,48,4253342
89-682-5593,Wyatt Wormstone,64,45892440
27-468-0501,Ula Burchess,48,73345714
70-319-7520,Tierney Giuron,56,93609847
26-627-9429,Lyndy Aveline,23,42047349
36-783-0273,Gibb Diamant,64,39629256
30-096-4179,Enrica Wadhams,21,45782372
37-838-6931,Iosep Dymoke,49,1624603
94-028-4388,Anet Jiran,45,9046429
91-248-3193,Ephraim MacKnight,21,83980832
32-637-3141,Julee Hake,40,78466506
54-041-2599,Barrett McLernon,38,88749698
40-312-2933,Loella Starzaker,40,77549655
04-278-6407,Bordy Staker,53,42956502
58-337-6719,Philippe Palatino,28,42946800
60-742-9302,Cory Flaunders,25,15499112
56-217-9301,Orazio Casely,22,59975476
12-312-3433,Ansell Winton,45,76737535
85-747-4738,Clemmie Pautot,48,18288291
23-172-9307,Felicia Kaubisch,62,33580726
73-072-2611,Salomone Clew,60,46242814
66-927-0850,Kaspar Gudge,62,45807727
06-095-4604,Mariel Hanselmann,23,83967532
67-551-4433,Veradis Stansbie,22,21371326
05-761-4995,Gaye Ludee,24,31883400
27-563-0203,Rodie Pereira,50,66172092
29-698-3219,Ursuline Vennings,60,27978347
56-119-0789,Willie Coulter,29,85820383
74-607-8666,Nilson Notton,33,13927758
76-614-5973,Elsie Amos,27,60777086
35-968-5119,Nadean Battleson,28,92609375
30-126-8290,Tasha Mc Dermid,45,67646192
29-268-9227,Tynan Gellan,52,93177189
70-899-9969,Cullen Thumim,56,70237161
33-888-9910,Arvie McCrone,22,55884453
99-242-8657,Yoshiko Schwaiger,36,28011731
10-293-1286,Loren Gentreau,43,44256115
53-071-5295,Miquela Pulbrook,54,75983525
60-020-2664,Viola Exeter,32,25207332
54-848-5982,Ingemar Dawidowitz,34,21985747
50-783-5785,Felecia Skaif,55,43518327
28-122-5417,Sophi Leithgoe,15,99249313
13-446-8653,Any Garoghan,19,63366502
33-250-3509,Linette Nisco,36,6956238
64-083-5780,Lory Magowan,49,35457636
34-521-0249,Errick Sarrell,16,98222773
66-295-5046,Antons Alphonso,47,50979075
99-184-9984,Grier Beaushaw,42,83226618
57-343-8016,Gerrie Newcomb,65,5000206
90-282-1416,Madel Blanpein,61,52788106
09-197-4312,Franz Hatherill,54,67866601
27-382-8107,Erastus MacGall,29,97347673
43-472-5591,Nicolai Rahl,42,42128773
20-125-7197,Rosalynd Dawes,37,90984747
01-218-4931,Rosemonde Fisbburne,20,34870686
20-628-6734,Allis Orriss,61,98465827
04-104-5383,Reider Rehorek,20,62999073
57-982-0687,Augy Shory,59,67861911
37-429-2934,Rebeca Penlington,42,78086952
26-583-8257,Consuelo Mushet,20,28540663
53-718-3624,Elvin Royans,56,51013384
76-985-0051,Cahra Strangwood,23,42093396
13-103-2581,Yorgo Tinklin,48,81026253
68-806-3856,Cullie Ilyin,23,15732665
92-627-4821,Sarita Clitherow,26,91180592
06-524-4576,Brittne Ramelot,27,3370718
81-895-9757,Abner Iveagh,14,31334038
49-911-4683,Rana Quoit,23,79055187
85-234-7604,Penn Haquard,54,60405572
67-892-8277,Ivar Monckman,38,39041934
71-484-7391,Mikael Gantzman,57,72431563
12-145-7310,Mirilla Epple,51,93945956
98-146-1417,Virge Preston,49,85780237
13-458-3619,Godard Leftwich,22,27717048
03-207-7880,Lynelle Van de Velde,52,13522796
00-090-4899,Blanch Frandsen,18,42170255
00-960-3185,Cherida Ginie,54,28378734
82-927-9198,Corabel Burch,34,15288776
61-264-1567,Ernesta Crownshaw,37,99814708
61-039-6994,Halette Capaldi,25,50049727
25-300-6562,Lemmy Thornton-Dewhirst,29,12056097
85-901-2370,Clayson Rallin,16,86604817
81-820-0482,Glenden Tine,56,91398772
59-379-9798,Edi Danser,53,79745364
18-231-2234,Findley Sawney,53,1724303
94-965-4080,Grange Lyster,14,56330647
93-297-1695,Mignonne Poore,31,55140255
30-880-5640,Elihu Rootes,27,46877342
66-343-7810,Avictor Mateo,63,87829065
54-020-1024,Nicky Walding,37,73159576
55-856-3971,Miranda Bembrigg,26,11854212
54-866-9765,Malorie Branthwaite,30,86725038
28-898-2551,Duncan Squibb,51,69786864
38-864-3189,Trisha De Vile,47,8072925
26-481-9035,Alfy Tomkies,27,96350971
94-255-4383,Harlene Mitchel,29,80099970
45-804-8106,Willy Bastick,59,13724152
18-095-8614,Spenser Comello,34,60566759
47-643-8113,Warde Cuppitt,44,41729966
14-340-7711,Prescott Savill,65,25792016
22-268-7345,Silvia Jendas,62,78099764
33-236-7588,Marlene Nicholas,24,18227179
52-760-8568,Drusie Donizeau,64,17348512
87-180-6652,Benedict McCluney,19,88605862
54-662-2011,Petronia Duffus,40,59774382
71-583-4421,Arlyne Glanvill,18,3696940
60-174-4852,Zaria Snoxell,26,91897741
63-919-8194,Aggi Grute,46,72361051
31-691-2529,Sol Enright,60,13559295
86-770-2141,Elston Whitwood,47,89068451
79-466-6173,Winny Oattes,52,71374550
03-975-2211,Gisele Tunnah,18,39678433
14-604-2194,Jens Hallede,51,81340363
42-198-5383,Hoebart Jewett,58,25711827
02-150-9860,Stinky Corder,30,97172540
25-682-4898,Josy Pigot,38,61981787
22-430-2960,Aile Peidro,42,63279653
16-376-6657,Maryjo Greene,32,25166569
86-175-3447,Heather Parke,23,23944264
86-215-0201,Johny Broadist,64,94300504
49-166-5379,Elonore Kadd,46,77933869
88-115-2263,Crystal Pottle,28,21648479
38-005-4221,Johannah Fussey,62,78622002
72-894-5914,Jacky Halford,24,68665996
37-036-3559,Noellyn Hellen,48,35230511
48-523-2244,Cybil Crilly,44,40015695
72-074-9408,Franklyn Glaister,18,71629529
81-437-6138,Julietta Camoletto,28,66343075
52-523-6284,Corissa Gapper,22,65918983
39-289-2233,Kerry Crews,58,13693430
14-435-9030,Janet Kennelly,24,53625186
72-229-3316,Kendall Sprowles,39,39512903
48-294-7558,Tiertza Yitzhak,18,28522256
56-816-9445,Arlyn Marran,46,46902154
84-688-8048,Vida Cristofori,65,39472289
02-973-0904,Amaleta Inkpen,65,73738341
23-250-5648,Deeyn Olenikov,38,15400866
71-378-7648,Adoree Langford,50,16197529
78-936-1689,Orville Paoletti,48,35528527
60-123-8328,Jacob Luce,51,9644451
48-848-1841,Yorker Kellar,33,35676202
42-612-2550,Christopher Beeston,39,81550495
41-792-9918,Sibbie Meneo,52,62916483
42-132-5085,Tawnya Sandey,62,47390886
05-800-5325,Jo-anne Gland,46,41748929
62-544-0491,Jacklyn Reach,26,98142112
32-208-3844,Udell Elder,49,74291416
08-151-2299,Morty Stockhill,18,96239962
95-678-4294,Teddy California,34,54024828
53-278-2559,Elora Northidge,29,15495888
28-996-4208,Devin Lewens,39,86686553
05-597-8709,Shandee Keeble,58,82828628
74-562-7474,Sampson Harse,26,52469273
73-995-3679,Mattie Althrop,35,63280322
08-213-0061,Mose Petris,23,26411954
12-299-5072,Delmor Winscum,24,25870076
54-462-6898,Dennison Pattini,53,97275019
43-906-4276,Betta Strelitzer,33,86798220
54-114-2715,Trina Mahomet,63,95995246
95-437-9315,Lyon Ranby,17,53627753
75-767-1583,Philip McCuffie,33,11330801
04-474-4431,Hedvige Atkins,22,87351125
32-549-5933,Tamera Wissby,33,50073458
91-229-3225,Terrie Iacobo,52,36676477
11-093-4576,Demott Semeniuk,54,37617147
92-563-2511,Augustin Crockatt,19,14230406
47-669-6327,Killie Preece,28,15505089
14-045-7229,Marion Ebbin,50,38887333
42-410-4757,Jody Olech,62,16156696
41-436-2004,Wilhelm Ramme,18,57070022
55-659-2003,Abie Griffithe,61,6899361
64-263-0752,Evanne Whapples,60,27440668
24-780-1309,Bernhard Remon,54,40856274
63-631-7493,Rivalee Gethin,42,95407476
25-723-5606,Sarah Storch,55,82572416
40-007-6383,Ashlan Barney,40,64996473
78-805-0680,Faydra Renforth,63,88270513
71-678-4082,Madge Zima,56,54438076
90-412-0498,Minny Bartolomucci,47,69885889
65-887-0870,Willyt Beynke,32,17267907
14-172-1948,Ferdinanda Nozzolii,59,22485670
68-800-5342,Carlie Chetham,58,81110359
95-601-4589,Tomlin Worgen,37,87833999
10-796-0919,Roy Londesborough,40,11289072
89-005-8618,Kristofer Chamberlin,19,56005299
62-587-5863,Jaquith Bulle,34,13517423
13-115-1052,Catherin Novic,64,60032897
58-380-5338,Melany Popeley,27,75034575
62-575-5122,Conny Roget,25,3597770
98-924-1542,Gunilla Hinder,49,31232192
58-620-3235,Phelia Dyer,57,10790341
07-704-6657,Amye FitzGibbon,58,52545785
50-166-5016,Oralie Penddreth,26,45065297
39-479-9169,Rebecca Kubach,52,21430584
14-754-8517,Lorianne Chadwick,39,67159036
66-204-2564,Galven Hambribe,65,7877724
68-669-7496,Sue Bradlaugh,63,63651787
64-445-7390,Elwin Gleave,18,6626737
60-256-6218,Arlyn Oxbrow,20,8402762
50-998-8967,Elysee MacIlurick,44,30613492
20-601-3508,Lew Labes,34,66496297
44-168-7998,Hayden Joul,58,9267785
36-439-8546,Kathe Wickie,18,7770756
77-574-6194,Tildie Girodias,15,26166578
89-630-9200,Chiquia Foreman,41,86678125
59-893-0965,Bald Colbridge,52,60363436
91-183-4456,Aurelie Crippell,47,46567849
58-134-8740,Lauree Cadreman,61,85016468
55-297-7172,Angelita McInteer,51,97680600
18-502-0293,Nata Buttfield,38,79451411
61-132-2743,Baillie Mowsdell,55,42799369
08-632-1737,Kipp Kyle,26,36996677
98-268-4088,Janaye Aslam,24,13110015
87-651-4913,Rachele Coyte,37,85503734
18-228-9756,Reeta Bellworthy,65,44913903
77-803-8043,Pierre Leyton,53,41409859
90-411-7456,Martha MacCarter,56,18052048
60-020-3819,Kinsley Van Arsdall,27,77526620
55-134-8402,Merci Purkins,24,72494454
65-212-9207,Maritsa Wilkennson,25,19547842
04-615-1785,Elnora Barrett,46,28426379
29-067-2342,Franciska Aimson,23,84876175
85-084-7110,Abdul Thaller,60,33422622
05-110-3199,Dolley Dibsdale,40,44481562
56-938-8922,Juanita Doumenc,24,69449948
67-549-2365,Arlyne Stute,40,96924651
53-426-1684,Briano Huison,39,63567259
17-097-5725,Caleb Czaja,34,8442133
01-570-2492,Jeanette Arlow,58,48406769
36-283-6774,Abbie Slocum,32,28027096
63-949-9223,Barb Diamond,63,90809294
38-650-2015,Shena Paling,24,66913626
56-294-2603,Davie Bloxland,31,19130772
10-844-8392,Alberik Walczak,27,64021561
60-118-5783,Jo ann Girvan,42,64756383
77-828-6894,Kristian Carlsson,38,85313514
21-033-3614,Beverly Arcase,53,36944972
07-603-8105,Daveen Jenicek,25,40173770
73-726-4179,Dorthy Henlon,45,69118576
63-310-5657,Ethelind Weatherhill,62,83451265
16-430-2498,Lindi Doers,65,46169517
05-950-2093,Othilie Santi,50,99435823
84-847-7502,Tersina Emes,21,55124601
05-108-6597,Brandice Copas,43,93819126
63-302-0267,Brittany Clayson,20,83180770
66-369-3559,Fred Grombridge,36,1506642
26-968-2691,Salem Curtiss,27,70197788
49-791-2907,Bernadina Pentercost,44,98817552
31-074-4715,Diandra Van Brug,25,23736891
67-040-7269,Desiri Koeppke,30,94153055
21-950-4795,Almeda Daveley,49,57682190
06-307-4411,Xylina Jannequin,28,75973896
65-785-8871,Kerstin Olman,34,69629930
58-041-1929,Katerine Mousby,45,50662790
27-898-5466,Danita Press,43,22604977
18-092-7485,Phaidra Werrit,33,66851650
40-582-5450,Duane Leve,14,27425646
99-804-0247,Aggy Huddart,29,85200568
20-769-7205,Dorelle Firmin,38,8647703
82-525-1116,Kipper Carvell,23,98893410
23-497-7025,Janet Siveter,57,30402518
39-288-1302,Lorene Lingwood,62,73478149
27-858-9268,Roshelle Metzel,63,76478742
68-424-2022,Buffy Eliasen,40,13127971
69-808-2613,Jarrod Bridgstock,59,85517165
25-638-9290,Burl Hannon,60,43933664
26-968-8886,Dominick Chirm,28,24241384
73-642-8535,Bethina Meechan,14,5296363
13-294-4217,Bondie Nealy,40,67523484
77-020-1831,Vernen Wade,37,51395949
42-336-1442,Nelli Engall,14,87217659
60-842-0141,Amabelle Unwins,49,36241105
55-708-2402,Brooks Klimp,40,76865663
57-769-3033,Baillie Mealand,61,73037694
11-709-7528,Blanch Daftor,37,16428372
82-771-4574,Ximenez Jaggi,27,23274806
55-564-5949,Henrie Sambals,39,49222308
50-764-4675,Kaia McKew,49,46499370
76-841-6947,Aldwin Budgey,58,59585481
33-212-1384,Alexandr Stachini,32,20279367
27-113-1342,Kerry Wyeld,27,34808680
84-671-1338,Gregoor Kingsnod,56,32960722
67-407-7441,Willard Scudamore,39,18743411
34-462-4753,Lucho Symonds,34,44433070
46-759-7085,Eolande Kennewell,61,30728730
23-161-7345,Charlotte Goodie,35,91417663
61-811-6707,Ogden Gabbett,60,60148502
43-607-0868,Coletta Plaster,43,26306935
14-703-7562,Olivette Fennelly,32,88183273
94-093-4788,Lethia Parks,50,1100521
53-970-6815,Barnard Strangward,40,20910130
55-698-2908,Laurence Ortner,37,77005748
49-913-7841,Tiffani Grayshon,31,6715069
44-731-0653,Nina Ryam,62,2123895
18-236-6552,Debera Whorton,29,21784397
42-821-7618,Karalynn Gilardi,54,39828328
87-350-5070,Anatole Worsom,53,77175701
32-031-7630,Claudette Toe,19,78848011
03-394-5106,Carly Skill,29,17741458
17-830-6636,Obadias Flecknell,55,70895629
31-143-3178,Gibb Lyons,40,87968219
63-294-5332,Binny Argontt,33,59191405
07-596-2466,Nico Carrell,51,15752625
73-392-5864,Ricca A'field,56,45362648
97-381-9757,Robbert McCaughen,17,2507717
23-629-0812,Guglielma Bruyet,31,36258592
89-787-7547,Silvanus Martinelli,56,79198900
80-714-9786,Zonnya Oughtright,60,36647699
21-611-1971,Ferdinanda Merida,18,58032598
20-833-4941,Adelaida Burness,16,40733180
39-327-9488,Anatola Rohlf,60,64284472
02-598-3512,Dionis Acutt,51,43234308
84-337-4433,Falito Pentony,40,3784018
00-227-5372,Patricio Selbach,45,24781422
36-548-4328,Lester Titchard,26,59803275
23-386-5154,Ira Dymick,65,51860434
80-471-9592,Alisander Ellit,21,73667473
31-394-6073,Shay Kelson,63,92083435
77-021-9635,Everett Scandrite,48,48510368
68-414-0795,Dalston Ghidelli,61,8078151
42-450-0172,Gifford Boddington,31,57611134
26-437-8211,Anny McCarly,15,69936932
32-207-4018,Auberon Gillespey,53,25500398
53-719-4292,Candace Hurdman,25,45978341
82-290-2546,Jacklin Ricker,25,39297474
74-046-9390,Candi Shiel,28,52998738
28-612-2624,Selia Munt,60,38470317
84-090-6321,Brennan Brayshaw,64,86976496
99-689-5911,Idell Sinney,54,29173984
88-867-1966,Novelia Dymocke,23,86303301
90-947-1033,Ashby Stapels,55,46328796
09-081-2911,Danny Gladdish,55,42273007
40-489-0423,Teddy Muggleston,44,87057173
31-441-5332,Bordy Hamilton,58,51666284
97-521-6122,Myrtia Antushev,25,91151640
63-122-9394,Rhona Kieran,46,52960743
70-441-3327,Janith Hendrichs,59,35010210
45-987-2431,Babs Skehens,25,34252082
01-911-3135,Lorie Zoanetti,37,14978311
82-454-9096,Agosto Turford,47,74475012
93-982-4308,Kinna Kybert,63,23614842
13-097-2457,Boyd Hursthouse,36,20196157
87-060-3073,Meridith Lavers,37,93028412
50-779-3278,Jada Eager,36,88769903
90-154-8278,Linoel McCollum,16,32533187
06-219-9463,Elijah Boule,29,48754135
45-658-7767,Oran Perett,52,96620279
57-267-9856,Kat O'Reagan,47,81092247
52-556-5535,Berne Fontin,53,30046178
66-234-6268,Urbanus Foulks,46,79995712
21-355-7786,Romeo Didsbury,19,17457869
29-754-0212,Catharine Birch,41,54999050
02-675-4091,Sampson Taylerson,54,51484777
39-385-3930,Walther Kenion,43,35513658
43-625-2946,Palmer Kerfut,35,27934985
94-980-4478,Augustine O' Neligan,46,85636216
86-689-0405,Danica Meys,29,64253451
69-379-8418,Doralynne Forst,63,33216518
15-522-3621,Jefferson Lidell,48,59659910
62-522-1737,Ulric Arguile,40,45199153
56-973-4513,Lizette Rackam,32,41716856
68-312-9146,Eirena MacAirt,53,20939875
19-981-2643,Annadiane McEnteggart,46,60376725
88-993-5717,Lona De Ortega,20,61146749
25-489-6518,Karel Grimwade,24,57414636
36-672-0404,Domingo Dillingstone,37,12901899
55-476-5595,Jennilee Nettle,52,65291009
89-924-5706,Ottilie Stitt,15,26257013
70-766-0549,Melli Mullineux,57,66540077
95-213-6755,Delmar Pairpoint,52,74849980
32-323-5014,Carree Rice,58,83135343
09-071-6677,Tiertza Verden,56,92661120
45-560-1796,Nada Enright,39,3579350
70-768-2219,Osborne Skellion,49,8260167
48-431-1989,Konstanze Huster,36,95331011
03-007-7545,Marcelline Tucknott,61,45865170
93-906-9363,Merlina Szantho,57,66458797
04-509-2029,Carena Cufflin,65,67741761
63-363-3545,Zonda Poxon,48,44569621
60-910-7184,Brittne Buyers,26,18982302
47-303-8517,Antonius Batho,40,42665035
70-835-7119,Kerr Battlestone,30,48890459
38-248-7417,Karoline Coxen,62,61287041
47-244-1150,Kaiser Baptista,42,36419813
65-590-2783,Herbie Darkott,42,36907299
68-054-6205,Fanni Piesing,63,26431644
28-497-9492,Fancie Gossington,19,74489135
69-499-1429,Waylan Goodredge,23,80235148
54-485-4067,Coriss Bratch,15,14576804
97-407-2082,Florie Satch,21,91480180
82-028-1315,Cad Burril,39,72626290
41-435-0127,Elsworth Ratlee,44,55486922
91-262-1398,Isis Guerrazzi,43,32312258
57-157-5783,Frankie Lamb-shine,39,59447996
70-374-7508,Hannie Blainey,35,84293173
71-625-4286,Cassy Barnish,16,88891095
82-274-2664,Rubia Gawthrope,18,37712108
93-288-0692,Minda Gimenez,26,89612639
06-385-4949,Mic Hulke,61,87848210
41-021-8254,Consalve Fatkin,20,82699080
34-554-6967,Myrta Hubner,61,18130480
76-403-9667,Darci Cottu,25,37603668
90-562-0337,Lammond Pippin,18,85728273
15-410-9604,Tawsha Capelin,45,62582544
94-098-3953,Elroy Lutman,15,1080775
07-759-5253,Savina Blyden,47,79945835
55-644-0606,Simone Hush,37,62648857
60-111-2887,Arney Boise,30,16623648
57-116-4666,Marena Howes,60,35781090
85-309-3033,Karlene Cornejo,56,69888709
05-392-6712,Darbee McKellen,42,15791437
75-093-9375,Emili Geraud,53,58961522
72-230-2462,Guilbert Barday,59,41635494
39-021-4863,Coretta Wands,16,13001128
61-129-7652,Justinn Keemer,43,30025244
95-487-4991,Corbet Harwood,59,85759733
27-594-1480,Breena Lesser,58,9197993
39-847-7905,Lonni Waitland,43,51814659
59-500-6308,Erv Langstone,31,90368555
44-668-7584,Roddie Lunt,17,42324668
25-738-0264,Haroun Ible,45,41244637
21-798-0876,Ursulina Woolmington,58,48030203
77-395-7975,Cris Fenelon,41,45795316
26-534-6201,Cristian Dumbrall,31,5237815
73-434-5256,Isis Stroton,39,31825551
10-664-5256,Juliet Wilde,31,47465210
36-434-5976,Urban Spoor,32,32661427
22-175-8966,Barbee Lovelock,48,67663301
67-350-1168,Robert Ludgrove,53,34775797
15-880-2737,Gardiner Pascow,53,26396795
28-743-3140,Corrie Gisborne,35,14494286
51-136-5054,Annis McOmish,50,63429862
68-591-6365,Ivette Simison,21,96312039
43-573-4548,Carmella Hobden,35,27332682
33-247-9760,Roy Filgate,43,28177202
18-187-1728,Aldis Spreadbury,37,50491474
06-088-5805,Luella Geekie,46,3303194
82-063-9464,Saunder La Padula,19,74637443
49-241-9753,Heath Kettridge,15,92607737
47-651-5399,Kaitlyn Gallego,40,64560060
68-747-1242,Waylan McNutt,57,97616181
01-198-0821,Alexander Petrasek,23,11438686
33-315-3068,Vinny Lambrechts,60,29741072
32-672-7063,Elbertine Gartshore,22,9083821
63-568-3131,Gusty Jellard,50,88469973
62-620-0583,Cassey Andri,24,80452046
08-867-7176,Alwyn Gresswell,48,43057537
19-914-6041,Read Cohen,38,13715573
03-082-0523,Emma Prebble,44,26046524
28-830-4816,Rosabel Kerner,49,82833342
80-861-0461,Lynette Truman,51,77282500
54-626-0250,Delia Louthe,33,36081549
72-596-1819,Davidde Swinn,45,86482717
57-882-2435,Ford Normanton,37,66416139
09-148-4751,Caren Sollon,35,96141826
43-846-7104,Norbert Rowly,24,94877348
41-094-9797,Aline Chasles,26,66311023
85-199-4919,Dylan Freeman,45,65046909
77-226-6230,Drucill Oldknowe,60,39652719
91-704-1771,Petronia Cashmore,42,28290111
18-606-6574,Harp Dudek,65,3589444
33-959-7993,Vernice Coe,24,22478016
64-119-7132,Violante Woodcroft,53,41889566
66-246-7335,Quincey Dow,58,25785365
24-817-4361,Clemente Bramwich,32,79607601
00-934-6325,Madelin Dannett,20,44594707
58-930-8395,Rich Tuma,42,33671681
02-194-4073,Herold Nightingale,38,81971679
95-930-5668,Alayne Bartholomew,20,22783807
17-475-8755,Hedvige Manass,33,87421377
28-023-9465,Ashton McGourty,21,22124235
50-247-7245,Oliy Shaughnessy,62,89062660
24-963-5749,Lyndell Kringe,46,1012997
68-613-2377,Sherline Gibbetts,46,36963069
46-584-0538,Rudolfo Bhatia,29,16046000
80-940-9650,Gareth Mara,56,2161384
69-078-8853,Eleonore Shelley,50,61141473
62-723-7515,Winonah Mort,20,35789261
13-315-4395,Roby MacAdie,55,95172640
24-088-1283,Nomi Gamlyn,51,99800489
92-807-7955,Lucas Klimowicz,29,72171816
65-221-4587,Henderson Wane,20,34617731
72-904-6257,Pasquale Liggens,26,80388900
98-137-9065,Wandie Santi,56,73743348
47-767-4174,Marillin Rue,35,71325516
27-196-2081,Sim Allsebrook,23,92382189
39-592-9155,Zacharias Alkin,58,48850627
13-333-6485,Lancelot Tommis,21,91698101
00-201-7803,Ettore Antoinet,46,62968662
11-103-3133,Kyle Massen,32,60677521
89-023-6945,Faber Haynes,32,88903582
81-696-9535,Marie-ann Fendt,30,16491966
63-014-6592,Channa Hurdwell,62,64511071
03-559-2237,Paloma Ivachyov,20,52981041
92-676-5651,Alvis Kadar,46,46980528
86-501-3964,Robbyn Hadigate,37,54147814
67-063-0740,Wendel Jouannisson,32,37459962
48-716-1661,Roberta Santorini,55,30942658
35-099-6474,Gilles Whiteland,48,93844042
92-408-4346,Stacie Backshell,55,32324196
89-686-0760,Lemuel O'Cassidy,19,89166000
97-548-8891,Verene Rozycki,21,38101678
67-685-1034,Kit Scupham,59,40579747
02-885-6435,Melitta Dudding,51,19915885
63-176-9062,Meara Grenfell,37,55395451
74-271-0937,Ingrid Bunworth,32,2846085
62-734-4619,Penrod Dedenham,19,13788925
47-392-1346,Aylmer Piletic,51,48716245
57-328-6588,Zorine Fusco,51,5123067
27-053-7720,Bebe Scardafield,27,27244381
76-268-5063,Muriel Trower,15,53245548
23-709-2994,Murry Brosel,49,91775162
29-963-4064,Michael Tester,42,5291205
89-473-9104,Garwood Yarrow,51,38283171
88-050-1659,Robinett Lettson,58,29711027
95-991-0896,Noble McDowall,52,15733662
54-499-0855,Lester Kinworthy,34,51710862
76-803-7653,Murial Mose,21,34218077
97-257-5717,Dena Oxenden,21,1097272
08-099-9419,Chandler Burdytt,46,8639962
22-650-5550,Tucker Gue,16,57407813
61-146-7553,Karin Bates,34,96066251
76-398-0613,Teddy Yielding,61,38431049
62-686-0516,Kayley Garter,60,68995322
47-586-0354,Estele Hazard,48,62149700
09-213-6369,Gerardo Birdsall,20,96502252
32-532-8063,Carol Crux,56,67902000
83-851-1776,Andreana Claque,52,46518890
35-553-8335,Beverlie Himpson,18,63581921
50-820-6685,Zabrina Trail,58,56730368
47-311-8835,Arch De Biaggi,39,10486749
55-902-3774,Margarethe Grimsdale,37,98975473
86-043-9690,Mora Bromet,34,19572408
31-595-1138,Burg Slight,50,66888237
04-565-1180,Vivyan Comrie,62,33029514
68-382-5464,Dominique Wollacott,17,34955893
49-496-7507,Raphaela Standingford,18,20924278
54-063-4998,Nannie Pritchitt,29,62723557
62-160-0748,Timothea Vasilischev,37,24349795
23-477-1506,Neile Shimwell,48,31044259
98-640-1379,Mariette Cheyne,58,90590741
35-289-1109,Rodger Cocci,40,16556224
21-713-2099,Jannelle Pollitt,19,55496655
62-455-7402,Odille Magowan,62,47288547
24-316-0266,Sheelah Barens,57,93716459
97-790-8157,Maryrose Heller,62,57966898
92-509-3916,Tammi Shillabear,49,63004035
45-773-9408,Seymour Gerold,15,3516812
83-459-9788,Ricardo Dabner,43,57346687
04-466-1565,Cori Robert,44,34977714
24-031-0433,Rois Leif,51,43087319
77-845-5366,Winnifred McQuie,22,89630011
98-925-1126,Dewain Over,43,26471246
43-629-9818,Wenda Rhule,18,23379563
32-560-4808,Shae Haggart,52,95959151
46-937-9243,Maje Burhill,20,10505876
20-547-6996,Patrice Paschek,48,79608048
15-146-0060,Clari Trye,50,17794599
40-386-9506,Phylys Boards,40,52900
10-009-0292,Walker Romera,62,19987652
96-957-5222,Hesther Papierz,50,67706815
60-175-8435,Porter Ianson,17,49396932
50-936-0052,Peter Rishman,32,70422671
08-479-3428,Silvana Kenvin,14,68557135
44-304-1403,Max Cortez,19,45974418
85-958-9195,Sophia Bibb,23,63599751
82-103-6566,Powell Garley,39,92756940
48-108-2364,Amber Showt,43,51382987
93-579-4859,Hermione O Sullivan,54,20086223
75-056-6562,Dannel Squire,38,76128531
25-072-2962,Jacquenetta MacCrackan,57,883171
88-740-1685,Alwin Growcott,35,79630997
86-758-9826,Rollins Vasyatkin,17,24621297
18-628-7072,Annadiana Zecchetti,58,63296210
09-328-7813,Iseabal Undrill,32,37502654
30-046-5190,Chevy Shavel,36,39090103
96-416-3805,Roselia Karlsen,14,69741001
37-862-4275,Aldwin Lanston,44,20818391
52-605-7101,Alfonse Woonton,62,71978391
80-110-6392,Annabelle Bockett,23,43348714
72-177-9762,Haily Josef,58,24157940
54-166-6726,Janean Cohani,25,71761208
35-959-9087,Jessica Clemmens,50,11346796
44-512-1309,Raphaela Millions,35,67783238
96-486-2820,Bria Zanuciolii,57,55942848
68-673-4084,Jena Abramof,23,56468926
78-871-2024,Arlette Mountney,31,54778956
48-947-4226,Erek Lawrey,42,93899103
98-003-8098,Dwain Sackey,56,56403469
84-162-5095,Lorrie Guile,31,34136892
83-410-4551,Aubrette Abelovitz,24,49357756
96-640-8170,Colver Probet,40,36317316
34-476-0390,Gib De Mattia,28,27883650
82-344-0438,Quill Sarra,16,25933994
56-823-5052,Lacy Griffoen,17,30436238
74-496-1940,Paten Rispin,55,31279833
33-431-4241,Michaeline MacGowing,47,27710191
46-304-4052,Atlante Juarez,65,35437776
37-376-4045,Lucien Muddiman,20,46316904
33-907-2474,Zulema Dalli,52,16006580
62-330-4719,Gray Chiechio,44,41785675
52-791-9858,Em Pachta,46,70376371
68-698-1342,Weidar Rothera,57,2929794
20-373-6136,Cos Barcke,15,7798091
71-969-6885,Dorelia Dashkovich,50,94641621
09-505-9517,Filberto Ondricek,24,67995714
49-350-8592,Bob Ottley,41,17044429
22-085-5394,Kort Kasparski,18,87305064
78-371-0773,Drugi Walwood,22,16701667
74-558-6635,Melba Hollyer,16,27163374
43-460-6382,Rennie Cream,21,18331799
97-069-9056,Harp Ondrus,45,49659107
36-403-2166,Consuela Florey,46,91620716
46-654-1147,Eileen Bantham,36,10282482
37-411-3673,Christiane Pedro,26,70149946
70-076-3835,Fredelia Risborough,17,37927770
42-113-3803,Pollyanna Tremblett,53,8598325
17-649-0577,Noby Saint,30,26308694
48-928-6747,Esma Reisenberg,58,94153789
68-363-8599,Augustus Scroggins,47,18203033
77-037-1265,Camile Chancelier,27,37896432
88-245-6814,Joeann Gebbie,41,86996826
72-475-7553,Antonio Wither,59,77863313
07-581-2638,Tiphany Epton,31,26583285
51-852-9840,Tatiania McGettigan,41,38673371
20-191-0295,Willow Jiggle,52,15578422
56-329-6534,Amelia Fishlee,57,36077266
15-594-2505,Norma Rickets,54,80394786
02-427-6331,Fergus Glanders,57,54626697
22-596-5378,Joeann Leon,28,47318558
16-239-5226,Vonni McGaugie,54,12359291
86-023-7211,Sloan Pancoust,25,88819365
17-800-2982,Ham Seppey,36,66696088
64-684-6830,Jade Holston,26,10118420
69-060-9071,Deeanne Marland,49,46611932
78-442-4336,Tadio Durn,37,77802717
71-856-4165,Clarine Warcup,29,72079197
45-172-0558,Lelah Scougal,38,57515247
70-480-1311,Mignon Tegler,15,3119463
81-660-3115,Jedidiah Rosewarne,29,75411341
11-313-3547,Vilhelmina Ranscome,44,35871006
99-478-1424,Carena Wicks,62,45166953
39-017-0366,Vicki Ricart,31,74707428
73-107-9750,Cordy Rings,44,41791109
53-155-4362,Maxy Slee,44,95627787
23-880-6997,Lorelle Furnival,64,89241348
22-900-6190,Bab Poundsford,32,7176971
07-165-5762,Michale D'Ambrogio,65,7488350
94-107-0338,Shari Haquin,43,95888408
63-335-0413,Della Batchelour,42,64901504
39-119-9467,Celestina Evelyn,53,30432101
37-302-2089,Jammal Joselevitz,38,3995138
95-072-7153,Tobye Matschuk,26,42220273
87-380-2415,Stacy Parysowna,56,28384377
26-815-7057,Elianora Snozzwell,40,30710165
94-283-7324,Vivian Neave,49,15428255
26-540-2098,Bernetta Giffen,64,27460396
91-264-4107,Martina Wynne,24,17440958
29-282-8232,Melamie Jovanovic,51,90910743
45-709-4006,Ulysses Grinyer,28,58059610
86-481-9143,Brent Ashingden,58,27863614
33-004-4073,Risa Trengove,23,75050736
49-791-2183,Tann Nuzzi,14,52670956
73-990-1075,Bald Wylder,61,20729148
61-510-3951,Rudolph Delgardillo,49,26039725
82-524-5398,Tawnya Normansell,35,79812115
20-307-2170,Maurice Norsister,17,78118197
14-463-7821,Edgard Rawcliffe,35,61163061
48-357-9647,Alberto Dran,30,28677651
75-691-3253,Justin Willerstone,38,23530379
56-893-1263,Edita Tassell,52,47012726
10-860-5769,Amalia Ruprechter,16,8834052
33-753-4710,Arty Kubek,33,66862081
27-557-2398,Harmon Matthius,45,16297478
00-756-7159,Carmelita Rosenshine,45,23208323
20-294-5720,Gwen Costerd,32,50443473
22-385-5493,Barret Ribbens,28,10698856
72-874-9688,Issi Hughson,46,67181481
33-086-4915,Robinett Hallawell,16,86398407
46-866-8132,Walden Maseres,45,9124521
68-096-9039,Catha Terbrug,36,94990643
37-757-7282,Micheil Allabush,16,90134445
94-621-4861,Willi Perrycost,22,82424916
58-826-6545,Aurilia Gleadhall,58,86350665
69-527-9713,Sigismondo Pickthorne,39,65089069
88-043-6043,Yetta Tregunnah,16,8678585
99-350-1954,Sully O'Hagerty,40,1247636
97-932-8451,Ingram Woolerton,18,23073323
32-356-6556,Wandie Starking,54,51215313
98-819-2746,Roselle Boulger,65,7043684
35-734-7224,Selene Alishoner,30,85206628
84-920-1962,Shirleen Udall,56,81518516
98-824-3466,Gregor Brisco,65,26421932
39-086-6509,Ariel Bawden,33,17482638
39-931-5604,Clyve Halkyard,33,5337356
77-049-1234,Lev Haking,26,57614341
62-541-9226,Alessandro Pilmore,26,95104862
39-975-9141,Marianne Eisikowitch,32,88371343
60-957-4484,Augustine Klimke,56,2625356
33-383-4859,Blythe Groocock,51,53616192
23-403-0680,Shae Hallin,65,53545899
12-500-7935,Stormi McOrkil,48,9613167
65-623-8811,Carlye Hyndley,51,52355135
79-147-5764,Clemmie Marney,24,92968431
93-478-0885,Kerry Benes,64,68229777
27-447-2674,Shaun Hanny,49,338689
76-914-8477,Molli Coppen,47,30914649
08-423-5974,Lorry Ollcott,55,23490895
70-985-0665,Hagan Gregor,41,44867325
82-189-1170,Alyda Rodear,61,8538933
34-845-5440,Darnell Tawse,21,68243259
32-072-8458,Robinia Sanpere,18,90706161
57-432-1463,Barbette Kehoe,38,82594465
69-736-7989,Leora Wadwell,37,49078783
25-051-3108,Vonni Pendergrast,23,56845860
51-915-0278,Bay Rubert,58,66851830
52-182-8398,Nicoline Frany,21,79728230
83-163-4788,Sherm Collelton,39,88367050
86-603-2003,Terrel Denial,46,56263959
47-458-5020,Sal Lassetter,45,72909747
05-307-3359,Dean Mc Carrick,25,92076097
58-684-9557,Arie Paunton,15,36053080
52-629-7275,Jasper Neasam,19,9544569
16-143-3473,Rani Clavey,21,31510134
12-615-0267,Eran Dreamer,63,11572114
63-560-7642,Donny Rounsefull,36,83436217
73-171-8126,Katina Teodorski,18,52743366
